TEAM_ID,TEAM_NAME,GP,W,L,W_PCT,MIN,PTS,OFF_RATING,DEF_RATING,NET_RATING,SEASON
1610612737,Atlanta Hawks,82,36,46,0.439,3971.0,9703,116.4,118.4,-2.0,2023-24
1610612738,Boston Celtics,82,64,18,0.78,3966.0,9887,122.2,110.6,11.7,2023-24
1610612751,Brooklyn Nets,82,32,50,0.39,3961.0,9050,112.4,115.4,-2.9,2023-24
1610612766,Charlotte Hornets,82,21,61,0.256,3946.0,8740,108.6,119.2,-10.6,2023-24
1610612741,Chicago Bulls,82,39,43,0.476,3996.0,9206,114.0,115.7,-1.7,2023-24
1610612739,Cleveland Cavaliers,82,48,34,0.585,3961.0,9236,114.7,112.1,2.5,2023-24
1610612742,Dallas Mavericks,82,50,32,0.61,3941.0,9664,117.0,114.9,2.1,2023-24
1610612743,Denver Nuggets,82,57,25,0.695,3941.0,9418,117.8,112.3,5.5,2023-24
1610612765,Detroit Pistons,82,14,68,0.171,3951.0,9010,109.0,118.0,-9.0,2023-24
1610612744,Golden State Warriors,82,46,36,0.561,3966.0,9657,116.9,114.5,2.4,2023-24
1610612745,Houston Rockets,82,41,41,0.5,3971.0,9375,113.7,112.8,0.9,2023-24
1610612754,Indiana Pacers,82,47,35,0.573,3941.0,10110,120.5,117.6,2.9,2023-24
1610612746,LA Clippers,82,51,31,0.622,3941.0,9481,117.9,114.6,3.4,2023-24
1610612747,Los Angeles Lakers,82,47,35,0.573,3971.0,9679,115.4,114.8,0.6,2023-24
1610612763,Memphis Grizzlies,82,27,55,0.329,3956.0,8677,106.8,113.7,-6.9,2023-24
1610612748,Miami Heat,82,46,36,0.561,3951.0,9032,113.3,111.5,1.8,2023-24
1610612749,Milwaukee Bucks,82,49,33,0.598,3961.0,9756,117.6,115.0,2.6,2023-24
1610612750,Minnesota Timberwolves,82,56,26,0.683,3961.0,9264,114.6,108.4,6.3,2023-24
1610612740,New Orleans Pelicans,82,49,33,0.598,3941.0,9436,116.5,111.9,4.6,2023-24
1610612752,New York Knicks,82,50,32,0.61,3946.0,9249,117.3,112.4,4.9,2023-24
1610612760,Oklahoma City Thunder,82,57,25,0.695,3961.0,9847,118.3,111.0,7.3,2023-24
1610612753,Orlando Magic,82,47,35,0.573,3956.0,9058,112.9,110.8,2.2,2023-24
1610612755,Philadelphia 76ers,82,47,35,0.573,3956.0,9397,116.2,113.0,3.1,2023-24
1610612756,Phoenix Suns,82,49,33,0.598,3956.0,9532,116.8,113.7,3.1,2023-24
1610612757,Portland Trail Blazers,82,21,61,0.256,3976.0,8722,107.6,116.6,-9.0,2023-24
1610612758,Sacramento Kings,82,46,36,0.561,3971.0,9558,116.2,114.4,1.8,2023-24
1610612759,San Antonio Spurs,82,22,60,0.268,3966.0,9192,109.3,115.6,-6.4,2023-24
1610612761,Toronto Raptors,82,25,57,0.305,3961.0,9213,111.8,118.1,-6.3,2023-24
1610612762,Utah Jazz,82,31,51,0.378,3961.0,9484,114.5,119.6,-5.1,2023-24
1610612764,Washington Wizards,82,15,67,0.183,3946.0,9327,110.2,118.9,-8.7,2023-24
1610612737,Atlanta Hawks,82,40,42,0.488,3956.0,9691,113.7,114.8,-1.1,2024-25
1610612738,Boston Celtics,82,61,21,0.744,3966.0,9534,119.5,110.1,9.4,2024-25
1610612751,Brooklyn Nets,82,26,56,0.317,3956.0,8619,108.1,115.4,-7.3,2024-25
1610612766,Charlotte Hornets,82,19,63,0.232,3951.0,8618,106.7,115.7,-9.1,2024-25
1610612741,Chicago Bulls,82,39,43,0.476,3951.0,9660,113.2,114.8,-1.6,2024-25
1610612739,Cleveland Cavaliers,82,64,18,0.78,3951.0,9999,121.0,111.8,9.2,2024-25
1610612742,Dallas Mavericks,82,39,43,0.476,3946.0,9364,113.7,115.0,-1.3,2024-25
1610612743,Denver Nuggets,82,50,32,0.61,3971.0,9902,118.9,115.1,3.8,2024-25
1610612765,Detroit Pistons,82,44,38,0.537,3961.0,9471,114.6,112.5,2.1,2024-25
1610612744,Golden State Warriors,82,48,34,0.585,3946.0,9331,114.2,111.0,3.2,2024-25
1610612745,Houston Rockets,82,52,30,0.634,3956.0,9372,114.9,110.3,4.6,2024-25
1610612754,Indiana Pacers,82,50,32,0.61,3971.0,9624,115.4,113.3,2.1,2024-25
1610612746,LA Clippers,82,50,32,0.61,3961.0,9256,114.3,109.4,4.9,2024-25
1610612747,Los Angeles Lakers,82,50,32,0.61,3946.0,9298,115.0,113.8,1.2,2024-25
1610612763,Memphis Grizzlies,82,48,34,0.585,3941.0,9980,117.2,112.6,4.7,2024-25
1610612748,Miami Heat,82,37,45,0.451,3986.0,9069,112.4,112.0,0.4,2024-25
1610612749,Milwaukee Bucks,82,48,34,0.585,3951.0,9472,115.1,112.7,2.4,2024-25
1610612750,Minnesota Timberwolves,82,49,33,0.598,3966.0,9372,115.7,110.8,5.0,2024-25
1610612740,New Orleans Pelicans,82,21,61,0.256,3951.0,9006,109.7,119.1,-9.4,2024-25
1610612752,New York Knicks,82,51,31,0.622,3976.0,9494,117.3,113.3,4.0,2024-25
1610612760,Oklahoma City Thunder,82,68,14,0.829,3941.0,9881,119.2,106.6,12.7,2024-25
1610612753,Orlando Magic,82,41,41,0.5,3946.0,8645,108.9,109.1,-0.2,2024-25
1610612755,Philadelphia 76ers,82,24,58,0.293,3961.0,8988,111.0,117.3,-6.3,2024-25
1610612756,Phoenix Suns,82,36,46,0.439,3966.0,9317,114.7,117.7,-3.0,2024-25
1610612757,Portland Trail Blazers,82,36,46,0.439,3956.0,9093,111.0,113.7,-2.7,2024-25
1610612758,Sacramento Kings,82,40,42,0.488,3976.0,9490,115.9,115.3,0.6,2024-25
1610612759,San Antonio Spurs,82,34,48,0.415,3946.0,9342,113.5,116.3,-2.8,2024-25
1610612761,Toronto Raptors,82,30,52,0.366,3961.0,9091,109.6,113.6,-4.1,2024-25
1610612762,Utah Jazz,82,17,65,0.207,3961.0,9175,110.2,119.4,-9.2,2024-25
1610612764,Washington Wizards,82,18,64,0.22,3946.0,8856,105.8,118.0,-12.2,2024-25
1610612737,Atlanta Hawks,23,13,10,0.565,1114.0,2687,113.7,112.7,1.0,2025-26
1610612738,Boston Celtics,21,12,9,0.571,1008.0,2421,120.0,115.6,4.4,2025-26
1610612751,Brooklyn Nets,21,5,16,0.238,1008.0,2288,111.9,120.4,-8.5,2025-26
1610612766,Charlotte Hornets,22,6,16,0.273,1066.0,2524,114.0,119.0,-5.1,2025-26
1610612741,Chicago Bulls,21,9,12,0.429,1018.0,2502,112.9,116.6,-3.7,2025-26
1610612739,Cleveland Cavaliers,23,13,10,0.565,1109.0,2740,116.2,113.3,2.9,2025-26
1610612742,Dallas Mavericks,23,8,15,0.348,1119.0,2563,107.6,111.3,-3.8,2025-26
1610612743,Denver Nuggets,21,15,6,0.714,1013.0,2627,124.2,115.1,9.1,2025-26
1610612765,Detroit Pistons,22,17,5,0.773,1061.0,2603,116.0,110.8,5.2,2025-26
1610612744,Golden State Warriors,22,11,11,0.5,1061.0,2517,112.9,112.2,0.7,2025-26
1610612745,Houston Rockets,19,14,5,0.737,927.0,2313,121.9,110.3,11.7,2025-26
1610612754,Indiana Pacers,22,4,18,0.182,1066.0,2434,107.7,117.1,-9.3,2025-26
1610612746,LA Clippers,22,6,16,0.273,1065.998333,2474,113.9,119.0,-5.0,2025-26
1610612747,Los Angeles Lakers,20,15,5,0.75,960.0,2381,118.3,115.3,3.1,2025-26
1610612763,Memphis Grizzlies,22,9,13,0.409,1061.0,2500,111.5,115.0,-3.6,2025-26
1610612748,Miami Heat,22,14,8,0.636,1061.0,2719,116.1,111.5,4.6,2025-26
1610612749,Milwaukee Bucks,23,10,13,0.435,1114.0,2664,114.8,116.6,-1.8,2025-26
1610612750,Minnesota Timberwolves,21,13,8,0.619,1018.0,2532,118.4,113.6,4.7,2025-26
1610612740,New Orleans Pelicans,22,3,19,0.136,1071.0,2477,110.5,120.7,-10.2,2025-26
1610612752,New York Knicks,21,14,7,0.667,1008.0,2524,121.2,114.1,7.1,2025-26
1610612760,Oklahoma City Thunder,22,21,1,0.955,1076.0,2690,119.0,103.8,15.1,2025-26
1610612753,Orlando Magic,22,13,9,0.591,1061.0,2622,116.7,112.2,4.5,2025-26
1610612755,Philadelphia 76ers,20,11,9,0.55,979.998333,2366,115.1,114.7,0.3,2025-26
1610612756,Phoenix Suns,22,13,9,0.591,1061.0,2575,116.1,113.2,2.9,2025-26
1610612757,Portland Trail Blazers,22,9,13,0.409,1061.0,2605,114.1,116.0,-1.9,2025-26
1610612758,Sacramento Kings,22,5,17,0.227,1061.0,2442,108.5,119.6,-11.1,2025-26
1610612759,San Antonio Spurs,21,15,6,0.714,1013.0,2498,117.9,113.3,4.6,2025-26
1610612761,Toronto Raptors,22,15,7,0.682,1060.983333,2590,116.2,111.6,4.6,2025-26
1610612762,Utah Jazz,20,7,13,0.35,975.0,2369,113.1,119.8,-6.7,2025-26
1610612764,Washington Wizards,20,3,17,0.15,969.983333,2256,108.3,122.4,-14.1,2025-26
